Analysis,Mean,CI_Lower_95,CI_Upper_95,BootstrapSamples
Production XGBoost calibration-split AUC,0.9791471738253499,0.9756316007667944,0.9823405749537624,200
XGBoost no-HbA1c calibration-split AUC,0.9361695357287018,0.9292562109063308,0.9425594879662419,200
XGBoost HbA1c delta AUC,0.04297763809664822,0.03782863096675342,0.048545090722578656,200
