Model,MAE,MSE,RMSE,Time(s),EvalSeries,TrainWindows,ContextLength,Horizon,Protocol
Glucose LSTM,5.966092529296877,56.876247857150744,7.541634296168884,7.153705835342407,110,17000,12,1,Patient temporal holdout
ST-Attention LSTM,5.936377507990058,69.13941593705528,8.31501148147465,9.680010318756104,110,17000,12,1,Patient temporal holdout
Persistence,7.265454545454543,97.49454545454545,9.873932623557113,0.0,110,0,12,1,Patient temporal holdout
TabICLForecaster,7.64122005115856,119.38204540656021,10.926209105017175,76.92679738998413,110,0,12,1,Patient temporal holdout
