Model,AUC,Accuracy,F1-Score,Time
EchoCeptionNet (Focal),0.976623513339762,0.96845,0.7916804225817101,9.595797538757324
EchoCeptionNet,0.9771956766313084,0.9711,0.7970505617977528,8.725014448165894
