Model,Head,Loss,EmbeddingDim,Time(s),TrainRows,TestRows,BestValAUC,BestEpoch,AUC,Accuracy,F1-Score,Precision,Recall
EchoCeptionNet (Focal),Standard,Focal,0,28.981969833374023,69999,15000,0.9781414690311502,20,0.975976970606093,0.9702666666666667,0.7904135338345865,0.9859320046893317,0.659607843137255
EchoCeptionNet,Standard,BCE,0,25.348475217819214,69999,15000,0.9781280695288461,18,0.9755776992035429,0.9711333333333333,0.7988852763585694,0.979498861047836,0.6745098039215687
EchoCeptionSphereNet,Hyperspherical,CosFace(m=0.1),32,39.64274740219116,69999,15000,0.9780030456011636,28,0.9755728990321083,0.9708,0.7968460111317254,0.9750283768444948,0.6737254901960784
