Model,AUC
XGBoost (Opt),0.9789431231115397
LightGBM (Opt),0.978208881388621
FT-Transformer,0.9740121240758598
Stacking Ensemble,0.9785691449694631
