Model,AUC
XGBoost (Opt),0.9789743632272581
LightGBM (Opt),0.9782188929604628
FT-Transformer,0.9722428081002893
Stacking Ensemble,0.9783671970427517
