Model,AUC,Accuracy,Time(s)
LightGBM,0.9767564770170364,0.97215,0.15087890625
XGBoost,0.9752756991321119,0.97145,0.29343485832214355
