Model,AUC-ROC,Accuracy,F1-Score,Precision,Recall,Train Time (s)
KAN (2024),0.944003037608486,0.915,0.0,0.0,0.0,3.680861234664917
FT-Transformer (SOTA),0.9716250241080038,0.97065,0.791474245115453,0.9991031390134529,0.6552941176470588,16.90421462059021
LightGBM,0.9769608968177435,0.96985,0.8001325820351343,0.9164768413059985,0.71,19.075918912887573
XGBoost,0.9768164095146256,0.96705,0.790594216714331,0.8597097442985487,0.731764705882353,11.820443630218506
