variant,cases,mean_gi,max_gi,calorie_target_error,meal_coverage,meal_type_consistency,diversity,total_carbs,total_protein,sim_reward,time_in_range,final_glucose
Full heuristic,54,14.837962962962964,43.94444444444444,159.1851851851852,1.0,1.0,1.0,121.56851851851853,133.08148148148146,-2.2910484126984163,0.33796296296296297,160.61654232804233
No risk adjustment,54,15.958333333333334,44.55555555555556,140.77777777777777,1.0,1.0,1.0,135.24444444444447,132.2111111111111,-3.2298370370370395,0.3333333333333333,163.83192063492064
No GI prioritization,54,21.805555555555557,52.407407407407405,232.53703703703704,1.0,1.0,1.0,140.11481481481482,131.9777777777778,-4.221847619047619,0.32407407407407407,165.6035529100529
No meal-type routing,54,0.05092592592592592,0.4074074074074074,25.462962962962962,1.0,0.5,1.0,34.574074074074076,192.87037037037038,6.672358465608466,0.4675925925925926,137.70915343915343
RL policy only,54,42.92824074074074,78.33333333333333,151.7962962962963,1.0,1.0,1.0,270.11296296296297,71.09814814814816,-18.593411904761904,0.1712962962962963,198.9363386243386
Hybrid RL + heuristic,54,29.10185185185185,55.0,108.44444444444444,1.0,1.0,1.0,274.26666666666665,85.76296296296296,-18.16308148148148,0.17592592592592593,198.16849735449736
