Model,AUC,Accuracy,F1-Score,Precision,Recall,Time(s)
TabICLv2,0.9804392317582771,0.97245,0.8084810566562391,0.9881053525913339,0.6841176470588235,194.9781141281128
LightGBM,0.9783674541947927,0.9714,0.8054421768707483,0.9548387096774194,0.6964705882352941,567.9473836421967
XGBoost,0.9754316136290583,0.96955,0.7970676441186271,0.9192928516525749,0.7035294117647058,152.92691588401794
